<metadata xml:lang="en"><Esri><CreaDate>20200114</CreaDate><CreaTime>11334000</CreaTime><ArcGISFormat>1.0</ArcGISFormat><SyncOnce>FALSE</SyncOnce><DataProperties><itemProps><itemName Sync="TRUE">tur_polbna_adm2</itemName><imsContentType Sync="TRUE">002</imsContentType><itemLocation><linkage Sync="TRUE">file://\\LAPTOP-CL7HOJMK\F$\Storage\Dropbox (UNHCR Turkey)\UNHCR IM Turkey\00. CODFOD\Turkey COD\Seperated Files\Administrative Levels\tur_polbna_adm2.shp</linkage><protocol Sync="TRUE">Local Area Network</protocol></itemLocation><itemSize Sync="TRUE">0.000</itemSize></itemProps><coordRef><type Sync="TRUE">Geographic</type><geogcsn Sync="TRUE">GCS_WGS_1984</geogcsn><csUnits Sync="TRUE">Angular Unit: Degree (0.017453)</csUnits><peXml Sync="TRUE">&lt;GeographicCoordinateSystem xsi:type='typens:GeographicCoordinateSystem' xmlns:xsi='http://www.w3.org/2001/XMLSchema-instance' xmlns:xs='http://www.w3.org/2001/XMLSchema' xmlns:typens='http://www.esri.com/schemas/ArcGIS/10.6'&gt;&lt;WKT&gt;GEOGCS[&amp;quot;GCS_WGS_1984&amp;quot;,DATUM[&amp;quot;D_WGS_1984&amp;quot;,SPHEROID[&amp;quot;WGS_1984&amp;quot;,6378137.0,298.257223563]],PRIMEM[&amp;quot;Greenwich&amp;quot;,0.0],UNIT[&amp;quot;Degree&amp;quot;,0.0174532925199433],AUTHORITY[&amp;quot;EPSG&amp;quot;,4326]]&lt;/WKT&gt;&lt;XOrigin&gt;-400&lt;/XOrigin&gt;&lt;YOrigin&gt;-400&lt;/YOrigin&gt;&lt;XYScale&gt;11258999068426.238&lt;/XYScale&gt;&lt;ZOrigin&gt;-100000&lt;/ZOrigin&gt;&lt;ZScale&gt;10000&lt;/ZScale&gt;&lt;MOrigin&gt;-100000&lt;/MOrigin&gt;&lt;MScale&gt;10000&lt;/MScale&gt;&lt;XYTolerance&gt;8.983152841195215e-09&lt;/XYTolerance&gt;&lt;ZTolerance&gt;0.001&lt;/ZTolerance&gt;&lt;MTolerance&gt;0.001&lt;/MTolerance&gt;&lt;HighPrecision&gt;true&lt;/HighPrecision&gt;&lt;LeftLongitude&gt;-180&lt;/LeftLongitude&gt;&lt;WKID&gt;4326&lt;/WKID&gt;&lt;LatestWKID&gt;4326&lt;/LatestWKID&gt;&lt;/GeographicCoordinateSystem&gt;</peXml></coordRef><lineage><Process ToolSource="c:\program files (x86)\arcgis\desktop10.4\ArcToolbox\Toolboxes\Data Management Tools.tbx\Dissolve" Date="20180724" Time="171434">Dissolve adm2_polygon_cleaned C:\Users\olcay\Documents\ArcGIS\Default.gdb\adm2_polygon_cleaned_Dissolv1 adm2_tr;adm2_en;adm1_tr;adm1_en;adm1;pcode # MULTI_PART DISSOLVE_LINES</Process><Process ToolSource="c:\program files (x86)\arcgis\desktop10.4\ArcToolbox\Toolboxes\Data Management Tools.tbx\CalculateField" Date="20180724" Time="171931">CalculateField adm2_polygon_cleaned_Dissolv1 if myCalc( !pcode!, !pp!) PYTHON_9.3 "def myCalc(year,yearVal):\n  if (year == yearVal):\n    return 1\n  else:\n    return 0"</Process><Process ToolSource="c:\program files (x86)\arcgis\desktop10.4\ArcToolbox\Toolboxes\Conversion Tools.tbx\FeatureClassToFeatureClass" Date="20180724" Time="172212">FeatureClassToFeatureClass adm2_polygon "E:\Dropbox (UNHCR Turkey)\UNHCR IM Turkey\00. CODFOD\Turkey COD\Turkey OD_WGS84.gdb\AdministrativeBoundariesSharp" adm2_polygon # "OBJECTID "OBJECTID" true true false 10 Long 0 10 ,First,#,adm2_polygon,OBJECTID,-1,-1;adm2_tr "adm2_tr" true true false 50 Text 0 0 ,First,#,adm2_polygon,adm2_tr,-1,-1;adm2_en "adm2_en" true true false 50 Text 0 0 ,First,#,adm2_polygon,adm2_en,-1,-1;adm1_tr "adm1_tr" true true false 50 Text 0 0 ,First,#,adm2_polygon,adm1_tr,-1,-1;adm1_en "adm1_en" true true false 50 Text 0 0 ,First,#,adm2_polygon,adm1_en,-1,-1;adm1 "adm1" true true false 6 Text 0 0 ,First,#,adm2_polygon,adm1,-1,-1;pcode "pcode" true true false 9 Text 0 0 ,First,#,adm2_polygon,pcode,-1,-1" #</Process><Process ToolSource="c:\program files (x86)\arcgis\desktop10.6\ArcToolbox\Toolboxes\Conversion Tools.tbx\FeatureClassToFeatureClass" Date="20191230" Time="135437">FeatureClassToFeatureClass tur_polbnda_adm2 "F:\Storage\Dropbox (UNHCR Turkey)\UNHCR IM Turkey\00. CODFOD\Turkey COD\Turkey OD_WGS84.gdb\Administrative_Levels" tur_polbnda_adm2 # "OBJECTID_1 "OBJECTID_1" true true false 10 Long 0 10 ,First,#,tur_polbnda_adm2,OBJECTID_1,-1,-1;adm2_tr "adm2_tr" true true false 50 Text 0 0 ,First,#,tur_polbnda_adm2,adm2_tr,-1,-1;adm2_en "adm2_en" true true false 50 Text 0 0 ,First,#,tur_polbnda_adm2,adm2_en,-1,-1;adm1_tr "adm1_tr" true true false 50 Text 0 0 ,First,#,tur_polbnda_adm2,adm1_tr,-1,-1;adm1_en "adm1_en" true true false 50 Text 0 0 ,First,#,tur_polbnda_adm2,adm1_en,-1,-1;adm1 "adm1" true true false 6 Text 0 0 ,First,#,tur_polbnda_adm2,adm1,-1,-1;pcode "pcode" true true false 9 Text 0 0 ,First,#,tur_polbnda_adm2,pcode,-1,-1;Shape_Leng "Shape_Leng" true true false 19 Double 0 0 ,First,#,tur_polbnda_adm2,Shape_Leng,-1,-1;Shape_Area "Shape_Area" true true false 19 Double 0 0 ,First,#,tur_polbnda_adm2,Shape_Area,-1,-1" #</Process><Process ToolSource="c:\program files (x86)\arcgis\desktop10.7\ArcToolbox\Toolboxes\Conversion Tools.tbx\FeatureClassToFeatureClass" Date="20200114" Time="112610">FeatureClassToFeatureClass "Turkey - Administrative Boundaries (Levels 0, 1, 2)\tur_polbnda_adm2" "D:\Employment\OCHA\CODs\TUR\Turkey - Administrative Boundaries (Levels 0, 1, 2)\New File Geodatabase.gdb\TUR_COD_AB" ADM2_TOP # "OBJECTID_1 "OBJECTID_1" true true false 10 Long 0 10 ,First,#,Turkey - Administrative Boundaries (Levels 0, 1, 2)\tur_polbnda_adm2,OBJECTID_1,-1,-1;adm2_tr "adm2_tr" true true false 50 Text 0 0 ,First,#,Turkey - Administrative Boundaries (Levels 0, 1, 2)\tur_polbnda_adm2,adm2_tr,-1,-1;adm2_en "adm2_en" true true false 50 Text 0 0 ,First,#,Turkey - Administrative Boundaries (Levels 0, 1, 2)\tur_polbnda_adm2,adm2_en,-1,-1;adm1_tr "adm1_tr" true true false 50 Text 0 0 ,First,#,Turkey - Administrative Boundaries (Levels 0, 1, 2)\tur_polbnda_adm2,adm1_tr,-1,-1;adm1_en "adm1_en" true true false 50 Text 0 0 ,First,#,Turkey - Administrative Boundaries (Levels 0, 1, 2)\tur_polbnda_adm2,adm1_en,-1,-1;adm1 "adm1" true true false 6 Text 0 0 ,First,#,Turkey - Administrative Boundaries (Levels 0, 1, 2)\tur_polbnda_adm2,adm1,-1,-1;pcode "pcode" true true false 9 Text 0 0 ,First,#,Turkey - Administrative Boundaries (Levels 0, 1, 2)\tur_polbnda_adm2,pcode,-1,-1;Shape_Leng "Shape_Leng" true true false 19 Double 0 0 ,First,#,Turkey - Administrative Boundaries (Levels 0, 1, 2)\tur_polbnda_adm2,Shape_Leng,-1,-1;Shape_Le_1 "Shape_Le_1" true true false 19 Double 0 0 ,First,#,Turkey - Administrative Boundaries (Levels 0, 1, 2)\tur_polbnda_adm2,Shape_Le_1,-1,-1;Shape_Area "Shape_Area" true true false 19 Double 0 0 ,First,#,Turkey - Administrative Boundaries (Levels 0, 1, 2)\tur_polbnda_adm2,Shape_Area,-1,-1" #</Process><Process ToolSource="c:\program files (x86)\arcgis\desktop10.6\ArcToolbox\Toolboxes\Conversion Tools.tbx\FeatureClassToFeatureClass" Date="20200114" Time="155348">FeatureClassToFeatureClass TUR_ADM2_TOPOLOGY_FIXED "F:\Storage\Dropbox (UNHCR Turkey)\UNHCR IM Turkey\00. CODFOD\Turkey COD\Turkey OD_WGS84.gdb\Administrative_Levels" tur_polbnda_adm2 # "OBJECTID "OBJECTID" true true false 10 Long 0 10 ,First,#,TUR_ADM2_TOPOLOGY_FIXED,OBJECTID,-1,-1;adm2_tr "adm2_tr" true true false 50 Text 0 0 ,First,#,TUR_ADM2_TOPOLOGY_FIXED,adm2_tr,-1,-1;adm2_en "adm2_en" true true false 50 Text 0 0 ,First,#,TUR_ADM2_TOPOLOGY_FIXED,adm2_en,-1,-1;adm1_tr "adm1_tr" true true false 50 Text 0 0 ,First,#,TUR_ADM2_TOPOLOGY_FIXED,adm1_tr,-1,-1;adm1_en "adm1_en" true true false 50 Text 0 0 ,First,#,TUR_ADM2_TOPOLOGY_FIXED,adm1_en,-1,-1;adm1 "adm1" true true false 6 Text 0 0 ,First,#,TUR_ADM2_TOPOLOGY_FIXED,adm1,-1,-1;pcode "pcode" true true false 9 Text 0 0 ,First,#,TUR_ADM2_TOPOLOGY_FIXED,pcode,-1,-1" #</Process><Process ToolSource="c:\program files (x86)\arcgis\desktop10.6\ArcToolbox\Toolboxes\Conversion Tools.tbx\FeatureClassToFeatureClass" Date="20210322" Time="144550">FeatureClassToFeatureClass "F:\Storage\Dropbox (UNHCR Turkey)\UNHCR IM Turkey\00. CODFOD\Turkey COD\Turkey OD_WGS84.gdb\Administrative_Levels\tur_polbnda_adm2" "F:\Storage\Dropbox (UNHCR Turkey)\UNHCR IM Turkey\00. CODFOD\Turkey COD\Seperated Files\Administrative Levels" tur_polbna_adm2.shp # "OBJECTID "OBJECTID" true true false 4 Long 0 0 ,First,#,F:\Storage\Dropbox (UNHCR Turkey)\UNHCR IM Turkey\00. CODFOD\Turkey COD\Turkey OD_WGS84.gdb\Administrative_Levels\tur_polbnda_adm2,OBJECTID,-1,-1;adm2_tr "adm2_tr" true true false 50 Text 0 0 ,First,#,F:\Storage\Dropbox (UNHCR Turkey)\UNHCR IM Turkey\00. CODFOD\Turkey COD\Turkey OD_WGS84.gdb\Administrative_Levels\tur_polbnda_adm2,adm2_tr,-1,-1;adm2_en "adm2_en" true true false 50 Text 0 0 ,First,#,F:\Storage\Dropbox (UNHCR Turkey)\UNHCR IM Turkey\00. CODFOD\Turkey COD\Turkey OD_WGS84.gdb\Administrative_Levels\tur_polbnda_adm2,adm2_en,-1,-1;adm1_tr "adm1_tr" true true false 50 Text 0 0 ,First,#,F:\Storage\Dropbox (UNHCR Turkey)\UNHCR IM Turkey\00. CODFOD\Turkey COD\Turkey OD_WGS84.gdb\Administrative_Levels\tur_polbnda_adm2,adm1_tr,-1,-1;adm1_en "adm1_en" true true false 50 Text 0 0 ,First,#,F:\Storage\Dropbox (UNHCR Turkey)\UNHCR IM Turkey\00. CODFOD\Turkey COD\Turkey OD_WGS84.gdb\Administrative_Levels\tur_polbnda_adm2,adm1_en,-1,-1;adm1 "adm1" true true false 6 Text 0 0 ,First,#,F:\Storage\Dropbox (UNHCR Turkey)\UNHCR IM Turkey\00. CODFOD\Turkey COD\Turkey OD_WGS84.gdb\Administrative_Levels\tur_polbnda_adm2,adm1,-1,-1;pcode "pcode" true true false 9 Text 0 0 ,First,#,F:\Storage\Dropbox (UNHCR Turkey)\UNHCR IM Turkey\00. CODFOD\Turkey COD\Turkey OD_WGS84.gdb\Administrative_Levels\tur_polbnda_adm2,pcode,-1,-1;Shape_Leng "Shape_Leng" false true true 8 Double 0 0 ,First,#,F:\Storage\Dropbox (UNHCR Turkey)\UNHCR IM Turkey\00. CODFOD\Turkey COD\Turkey OD_WGS84.gdb\Administrative_Levels\tur_polbnda_adm2,Shape_Length,-1,-1;Shape_Area "Shape_Area" false true true 8 Double 0 0 ,First,#,F:\Storage\Dropbox (UNHCR Turkey)\UNHCR IM Turkey\00. CODFOD\Turkey COD\Turkey OD_WGS84.gdb\Administrative_Levels\tur_polbnda_adm2,Shape_Area,-1,-1" #</Process></lineage></DataProperties><SyncDate>20210322</SyncDate><SyncTime>14454800</SyncTime><ModDate>20210322</ModDate><ModTime>14454800</ModTime></Esri><dataIdInfo><envirDesc Sync="TRUE"> Version 6.2 (Build 9200) ; Esri ArcGIS 10.6.0.8321</envirDesc><dataLang><languageCode value="eng" Sync="TRUE"></languageCode><countryCode value="USA" Sync="TRUE"></countryCode></dataLang><idCitation><resTitle Sync="TRUE">tur_polbna_adm2</resTitle><presForm><PresFormCd value="005" Sync="TRUE"></PresFormCd></presForm></idCitation><spatRpType><SpatRepTypCd value="001" Sync="TRUE"></SpatRepTypCd></spatRpType></dataIdInfo><mdLang><languageCode value="eng" Sync="TRUE"></languageCode><countryCode value="USA" Sync="TRUE"></countryCode></mdLang><distInfo><distFormat><formatName Sync="TRUE">Shapefile</formatName></distFormat><distTranOps><transSize Sync="TRUE">0.000</transSize></distTranOps></distInfo><mdHrLv><ScopeCd value="005" Sync="TRUE"></ScopeCd></mdHrLv><mdHrLvName Sync="TRUE">dataset</mdHrLvName><refSysInfo><RefSystem><refSysID><identCode code="4326" Sync="TRUE"></identCode><idCodeSpace Sync="TRUE">EPSG</idCodeSpace><idVersion Sync="TRUE">6.14(3.0.1)</idVersion></refSysID></RefSystem></refSysInfo><spatRepInfo><VectSpatRep><geometObjs Name="tur_polbna_adm2"><geoObjTyp><GeoObjTypCd value="002" Sync="TRUE"></GeoObjTypCd></geoObjTyp><geoObjCnt Sync="TRUE">0</geoObjCnt></geometObjs><topLvl><TopoLevCd value="001" Sync="TRUE"></TopoLevCd></topLvl></VectSpatRep></spatRepInfo><spdoinfo><ptvctinf><esriterm Name="tur_polbna_adm2"><efeatyp Sync="TRUE">Simple</efeatyp><efeageom code="4" Sync="TRUE"></efeageom><esritopo Sync="TRUE">FALSE</esritopo><efeacnt Sync="TRUE">0</efeacnt><spindex Sync="TRUE">FALSE</spindex><linrefer Sync="TRUE">FALSE</linrefer></esriterm></ptvctinf></spdoinfo><eainfo><detailed Name="tur_polbna_adm2"><enttyp><enttypl Sync="TRUE">tur_polbna_adm2</enttypl><enttypt Sync="TRUE">Feature Class</enttypt><enttypc Sync="TRUE">0</enttypc></enttyp><attr><attrlabl Sync="TRUE">FID</attrlabl><attalias Sync="TRUE">FID</attalias><attrtype Sync="TRUE">OID</attrtype><attwidth Sync="TRUE">4</attwidth><atprecis Sync="TRUE">0</atprecis><attscale Sync="TRUE">0</attscale><attrdef Sync="TRUE">Internal feature number.</attrdef><attrdefs Sync="TRUE">Esri</attrdefs><attrdomv><udom Sync="TRUE">Sequential unique whole numbers that are automatically generated.</udom></attrdomv></attr><attr><attrlabl Sync="TRUE">OBJECTID</attrlabl><attalias Sync="TRUE">OBJECTID</attalias><attrtype Sync="TRUE">Integer</attrtype><attwidth Sync="TRUE">10</attwidth><atprecis Sync="TRUE">10</atprecis><attscale Sync="TRUE">0</attscale><attrdef Sync="TRUE">Internal feature number.</attrdef><attrdefs Sync="TRUE">Esri</attrdefs><attrdomv><udom Sync="TRUE">Sequential unique whole numbers that are automatically generated.</udom></attrdomv></attr><attr><attrlabl Sync="TRUE">Shape</attrlabl><attalias Sync="TRUE">Shape</attalias><attrtype Sync="TRUE">Geometry</attrtype><attwidth Sync="TRUE">0</attwidth><atprecis Sync="TRUE">0</atprecis><attscale Sync="TRUE">0</attscale><attrdef Sync="TRUE">Feature geometry.</attrdef><attrdefs Sync="TRUE">Esri</attrdefs><attrdomv><udom Sync="TRUE">Coordinates defining the features.</udom></attrdomv></attr><attr><attrlabl Sync="TRUE">adm2_tr</attrlabl><attalias Sync="TRUE">adm2_tr</attalias><attrtype Sync="TRUE">String</attrtype><attwidth Sync="TRUE">50</attwidth><atprecis Sync="TRUE">0</atprecis><attscale Sync="TRUE">0</attscale></attr><attr><attrlabl Sync="TRUE">adm2_en</attrlabl><attalias Sync="TRUE">adm2_en</attalias><attrtype Sync="TRUE">String</attrtype><attwidth Sync="TRUE">50</attwidth><atprecis Sync="TRUE">0</atprecis><attscale Sync="TRUE">0</attscale></attr><attr><attrlabl Sync="TRUE">adm1_tr</attrlabl><attalias Sync="TRUE">adm1_tr</attalias><attrtype Sync="TRUE">String</attrtype><attwidth Sync="TRUE">50</attwidth><atprecis Sync="TRUE">0</atprecis><attscale Sync="TRUE">0</attscale></attr><attr><attrlabl Sync="TRUE">adm1_en</attrlabl><attalias Sync="TRUE">adm1_en</attalias><attrtype Sync="TRUE">String</attrtype><attwidth Sync="TRUE">50</attwidth><atprecis Sync="TRUE">0</atprecis><attscale Sync="TRUE">0</attscale></attr><attr><attrlabl Sync="TRUE">adm1</attrlabl><attalias Sync="TRUE">adm1</attalias><attrtype Sync="TRUE">String</attrtype><attwidth Sync="TRUE">6</attwidth><atprecis Sync="TRUE">0</atprecis><attscale Sync="TRUE">0</attscale></attr><attr><attrlabl Sync="TRUE">pcode</attrlabl><attalias Sync="TRUE">pcode</attalias><attrtype Sync="TRUE">String</attrtype><attwidth Sync="TRUE">9</attwidth><atprecis Sync="TRUE">0</atprecis><attscale Sync="TRUE">0</attscale></attr><attr><attrlabl Sync="TRUE">Shape_Leng</attrlabl><attalias Sync="TRUE">Shape_Leng</attalias><attrtype Sync="TRUE">Double</attrtype><attwidth Sync="TRUE">19</attwidth><atprecis Sync="TRUE">0</atprecis><attscale Sync="TRUE">0</attscale></attr><attr><attrlabl Sync="TRUE">Shape_Area</attrlabl><attalias Sync="TRUE">Shape_Area</attalias><attrtype Sync="TRUE">Double</attrtype><attwidth Sync="TRUE">19</attwidth><atprecis Sync="TRUE">0</atprecis><attscale Sync="TRUE">0</attscale><attrdef Sync="TRUE">Area of feature in internal units squared.</attrdef><attrdefs Sync="TRUE">Esri</attrdefs><attrdomv><udom Sync="TRUE">Positive real numbers that are automatically generated.</udom></attrdomv></attr></detailed></eainfo><mdDateSt Sync="TRUE">20210322</mdDateSt></metadata>
